rollno,name,age,maths,science,english,total marks,percentage
1,sait,19,99,91,69,259,86.33333333333333
2,wade,21,91,71,71,233,77.66666666666667
3,swami,22,87,87,67,241,80.33333333333333
